<?xml version="1.0" encoding="UTF-8"?>
<metadata xml:lang="en"><Esri><CreaDate>20140915</CreaDate><CreaTime>10302100</CreaTime><SyncOnce>FALSE</SyncOnce><SyncDate>20140915</SyncDate><SyncTime>10175800</SyncTime><ModDate>20140915</ModDate><ModTime>10175800</ModTime><DataProperties><lineage><Process ToolSource="C:\Program Files\ArcGIS\ArcToolbox\Toolboxes\Data Management Tools.tbx\CopyFeatures" Date="20060627" Time="151054">CopyFeatures S:\Open\GIS\work_directory\SML\TSRP_DATA\S_XS.shp "Database Connections\SDE_IS.sde\sde_is.SDE.TSARP_DATA\sde_is.SDE.S_XS" # 0 0 0</Process><Process ToolSource="C:\Program Files\ArcGIS\ArcToolbox\Toolboxes\Data Management Tools.tbx\Merge" Date="20120904" Time="085841">Merge XS_Total;S_XS_Added_080312 "C:\Documents and Settings\mleclair\Desktop\CMU New Models\Z - GIS - XS\XS_Updated.shp" "OBJECTID 'OBJECTID' true true false 10 Double 0 10 ,First,#,XS_Total,OBJECTID,-1,-1;XS_LN_ID 'XS_LN_ID' true true false 11 Text 0 0 ,First,#,XS_Total,XS_LN_ID,-1,-1,S_XS_Added_080312,XS_LN_ID,-1,-1;XS_LTR 'XS_LTR' true true false 12 Text 0 0 ,First,#,XS_Total,XS_LTR,-1,-1,S_XS_Added_080312,XS_LTR,-1,-1;START_ID 'START_ID' true true false 11 Text 0 0 ,First,#,XS_Total,START_ID,-1,-1,S_XS_Added_080312,START_ID,-1,-1;STREAM_STN 'STREAM_STN' true true false 12 Text 0 0 ,First,#,XS_Total,STREAM_STN,-1,-1,S_XS_Added_080312,STREAM_STN,-1,-1;XS_LN_TYP 'XS_LN_TYP' true true false 20 Text 0 0 ,First,#,XS_Total,XS_LN_TYP,-1,-1,S_XS_Added_080312,XS_LN_TYP,-1,-1;WTR_NM 'WTR_NM' true true false 100 Text 0 0 ,First,#,XS_Total,WTR_NM,-1,-1,S_XS_Added_080312,WTR_NM,-1,-1;WSEL_REG 'WSEL_REG' true true false 8 Float 2 7 ,First,#,XS_Total,WSEL_REG,-1,-1,S_XS_Added_080312,WSEL_REG,-1,-1;LEN_UNIT 'LEN_UNIT' true true false 20 Text 0 0 ,First,#,XS_Total,LEN_UNIT,-1,-1,S_XS_Added_080312,LEN_UNIT,-1,-1;V_DATUM 'V_DATUM' true true false 6 Text 0 0 ,First,#,XS_Total,V_DATUM,-1,-1,S_XS_Added_080312,V_DATUM,-1,-1;SOURCE_CIT 'SOURCE_CIT' true true false 11 Text 0 0 ,First,#,XS_Total,SOURCE_CIT,-1,-1,S_XS_Added_080312,SOURCE_CIT,-1,-1;Shape_len 'Shape_len' true true false 19 Double 0 0 ,First,#,XS_Total,Shape_len,-1,-1"</Process><Process ToolSource="C:\Program Files\ArcGIS\ArcToolbox\Toolboxes\Data Management Tools.tbx\Merge" Date="20120906" Time="085139">Merge XS_Updated;'XS Cut Lines' "C:\Documents and Settings\mleclair\Desktop\CMU New Models\P100-00-00\Support_Data\Spatial_Data\S_XS.shp" "OBJECTID 'OBJECTID' true true false 10 Double 0 10 ,First,#,XS_Updated,OBJECTID,-1,-1;XS_LN_ID 'XS_LN_ID' true true false 11 Text 0 0 ,First,#,XS_Updated,XS_LN_ID,-1,-1;XS_LTR 'XS_LTR' true true false 12 Text 0 0 ,First,#,XS_Updated,XS_LTR,-1,-1;START_ID 'START_ID' true true false 11 Text 0 0 ,First,#,XS_Updated,START_ID,-1,-1;STREAM_STN 'STREAM_STN' true true false 12 Text 0 0 ,First,#,XS_Updated,STREAM_STN,-1,-1;XS_LN_TYP 'XS_LN_TYP' true true false 20 Text 0 0 ,First,#,XS_Updated,XS_LN_TYP,-1,-1;WTR_NM 'WTR_NM' true true false 100 Text 0 0 ,First,#,XS_Updated,WTR_NM,-1,-1;WSEL_REG 'WSEL_REG' true true false 8 Float 2 7 ,First,#,XS_Updated,WSEL_REG,-1,-1;LEN_UNIT 'LEN_UNIT' true true false 20 Text 0 0 ,First,#,XS_Updated,LEN_UNIT,-1,-1;V_DATUM 'V_DATUM' true true false 6 Text 0 0 ,First,#,XS_Updated,V_DATUM,-1,-1;SOURCE_CIT 'SOURCE_CIT' true true false 11 Text 0 0 ,First,#,XS_Updated,SOURCE_CIT,-1,-1;Shape_len 'Shape_len' true true false 19 Double 0 0 ,First,#,XS_Updated,Shape_len,-1,-1;RiverCode 'River' true true false 16 Text 0 0 ,First,#,XS Cut Lines,RiverCode,-1,-1;ReachCode 'Reach' true true false 16 Text 0 0 ,First,#,XS Cut Lines,ReachCode,-1,-1;ProfileM 'Station' true true false 8 Double 0 0 ,First,#,XS Cut Lines,ProfileM,-1,-1;LeftBank 'LeftBank' true true false 8 Double 0 0 ,First,#,XS Cut Lines,LeftBank,-1,-1;RightBank 'RightBank' true true false 8 Double 0 0 ,First,#,XS Cut Lines,RightBank,-1,-1;NodeName 'NodeName' true true false 32 Text 0 0 ,First,#,XS Cut Lines,NodeName,-1,-1;Interp 'Interp' true true false 2 Text 0 0 ,First,#,XS Cut Lines,Interp,-1,-1;P001 '1PCT_100yr' true true false 8 Double 0 0 ,First,#,XS Cut Lines,P001,-1,-1;Shape_Leng 'Shape_Length' false true true 8 Double 0 0 ,First,#,XS Cut Lines,Shape_Length,-1,-1"</Process><Process ToolSource="c:\program files (x86)\arcgis\desktop10.1\ArcToolbox\Toolboxes\Data Management Tools.tbx\Merge" Date="20140915" Time="101759">Merge S_XS;S_SX_P100 C:\Users\bedmondson\Documents\ArcGIS\Default.gdb\S_XS_Merge1 "OBJECTID "OBJECTID" true true false 10 Double 0 10 ,First,#,S_XS,OBJECTID,-1,-1,S_SX_P100,OBJECTID,-1,-1;XS_LN_ID "XS_LN_ID" true true false 11 Text 0 0 ,First,#,S_XS,XS_LN_ID,-1,-1,S_SX_P100,XS_LN_ID,-1,-1;XS_LTR "XS_LTR" true true false 12 Text 0 0 ,First,#,S_XS,XS_LTR,-1,-1,S_SX_P100,XS_LTR,-1,-1;START_ID "START_ID" true true false 11 Text 0 0 ,First,#,S_XS,START_ID,-1,-1,S_SX_P100,START_ID,-1,-1;STREAM_STN "STREAM_STN" true true false 12 Text 0 0 ,First,#,S_XS,STREAM_STN,-1,-1,S_SX_P100,STREAM_STN,-1,-1;XS_LN_TYP "XS_LN_TYP" true true false 20 Text 0 0 ,First,#,S_XS,XS_LN_TYP,-1,-1,S_SX_P100,XS_LN_TYP,-1,-1;WTR_NM "WTR_NM" true true false 100 Text 0 0 ,First,#,S_XS,WTR_NM,-1,-1,S_SX_P100,WTR_NM,-1,-1;WSEL_REG "WSEL_REG" true true false 8 Float 2 7 ,First,#,S_XS,WSEL_REG,-1,-1,S_SX_P100,WSEL_REG,-1,-1;LEN_UNIT "LEN_UNIT" true true false 20 Text 0 0 ,First,#,S_XS,LEN_UNIT,-1,-1,S_SX_P100,LEN_UNIT,-1,-1;V_DATUM "V_DATUM" true true false 6 Text 0 0 ,First,#,S_XS,V_DATUM,-1,-1,S_SX_P100,V_DATUM,-1,-1;SOURCE_CIT "SOURCE_CIT" true true false 11 Text 0 0 ,First,#,S_XS,SOURCE_CIT,-1,-1,S_SX_P100,SOURCE_CIT,-1,-1;BED_ELEV "BED_ELEV" true true false 19 Double 0 0 ,First,#,S_SX_P100,BED_ELEV,-1,-1;TOP_WIDTH "TOP_WIDTH" true true false 19 Double 0 0 ,First,#,S_SX_P100,TOP_WIDTH,-1,-1;XS_AREA "XS_AREA" true true false 19 Double 0 0 ,First,#,S_SX_P100,XS_AREA,-1,-1;AREA_UNIT "AREA_UNIT" true true false 20 Text 0 0 ,First,#,S_SX_P100,AREA_UNIT,-1,-1;VELOCITY "VELOCITY" true true false 19 Double 0 0 ,First,#,S_SX_P100,VELOCITY,-1,-1;VEL_UNIT "VEL_UNIT" true true false 20 Text 0 0 ,First,#,S_SX_P100,VEL_UNIT,-1,-1;Shape_Leng "Shape_Leng" true true false 19 Double 0 0 ,First,#,S_SX_P100,Shape_Leng,-1,-1;DFIRM_ID "DFIRM_ID" true true false 15 Text 0 0 ,First,#,S_SX_P100,DFIRM_ID,-1,-1"</Process><Process ToolSource="c:\program files (x86)\arcgis\desktop10.1\ArcToolbox\Toolboxes\Data Management Tools.tbx\CalculateField" Date="20140915" Time="102816">CalculateField S_XS_Merge1 BED_ELEV -8888 VB #</Process><Process ToolSource="c:\program files (x86)\arcgis\desktop10.1\ArcToolbox\Toolboxes\Data Management Tools.tbx\CalculateField" Date="20140915" Time="102825">CalculateField S_XS_Merge1 TOP_WIDTH -8888 VB #</Process><Process ToolSource="c:\program files (x86)\arcgis\desktop10.1\ArcToolbox\Toolboxes\Data Management Tools.tbx\CalculateField" Date="20140915" Time="102833">CalculateField S_XS_Merge1 XS_AREA -8888 VB #</Process><Process ToolSource="c:\program files (x86)\arcgis\desktop10.1\ArcToolbox\Toolboxes\Data Management Tools.tbx\CalculateField" Date="20140915" Time="102845">CalculateField S_XS_Merge1 AREA_UNIT "NP" VB #</Process><Process ToolSource="c:\program files (x86)\arcgis\desktop10.1\ArcToolbox\Toolboxes\Data Management Tools.tbx\CalculateField" Date="20140915" Time="102856">CalculateField S_XS_Merge1 VEL_UNIT "NP" VB #</Process><Process ToolSource="c:\program files (x86)\arcgis\desktop10.1\ArcToolbox\Toolboxes\Data Management Tools.tbx\CalculateField" Date="20140915" Time="102903">CalculateField S_XS_Merge1 VELOCITY -8888 VB #</Process></lineage><itemProps><itemName Sync="TRUE">S_XS_Merge1</itemName><imsContentType Sync="TRUE">002</imsContentType><itemLocation><linkage Sync="TRUE">file://\\208005001007-LT\C$\Users\bedmondson\Documents\ArcGIS\Default.gdb</linkage><protocol Sync="TRUE">Local Area Network</protocol></itemLocation></itemProps><coordRef><type Sync="TRUE">Projected</type><geogcsn Sync="TRUE">GCS_North_American_1983</geogcsn><csUnits Sync="TRUE">Linear Unit: Foot_US (0.304801)</csUnits><projcsn Sync="TRUE">NAD_1983_StatePlane_Texas_South_Central_FIPS_4204_Feet</projcsn><peXml Sync="TRUE">&lt;ProjectedCoordinateSystem xsi:type='typens:ProjectedCoordinateSystem' xmlns:xsi='http://www.w3.org/2001/XMLSchema-instance' xmlns:xs='http://www.w3.org/2001/XMLSchema' xmlns:typens='http://www.esri.com/schemas/ArcGIS/10.1'&gt;&lt;WKT&gt;PROJCS[&amp;quot;NAD_1983_StatePlane_Texas_South_Central_FIPS_4204_Feet&amp;quot;,GEOGCS[&amp;quot;GCS_North_American_1983&amp;quot;,DATUM[&amp;quot;D_North_American_1983&amp;quot;,SPHEROID[&amp;quot;GRS_1980&amp;quot;,6378137.0,298.257222101]],PRIMEM[&amp;quot;Greenwich&amp;quot;,0.0],UNIT[&amp;quot;Degree&amp;quot;,0.0174532925199433]],PROJECTION[&amp;quot;Lambert_Conformal_Conic&amp;quot;],PARAMETER[&amp;quot;False_Easting&amp;quot;,1968500.0],PARAMETER[&amp;quot;False_Northing&amp;quot;,13123333.33333333],PARAMETER[&amp;quot;Central_Meridian&amp;quot;,-99.0],PARAMETER[&amp;quot;Standard_Parallel_1&amp;quot;,28.38333333333333],PARAMETER[&amp;quot;Standard_Parallel_2&amp;quot;,30.28333333333334],PARAMETER[&amp;quot;Latitude_Of_Origin&amp;quot;,27.83333333333333],UNIT[&amp;quot;Foot_US&amp;quot;,0.3048006096012192],AUTHORITY[&amp;quot;EPSG&amp;quot;,2278]]&lt;/WKT&gt;&lt;XOrigin&gt;-126725700&lt;/XOrigin&gt;&lt;YOrigin&gt;-77828800&lt;/YOrigin&gt;&lt;XYScale&gt;3048.0060960121918&lt;/XYScale&gt;&lt;ZOrigin&gt;-100000&lt;/ZOrigin&gt;&lt;ZScale&gt;10000&lt;/ZScale&gt;&lt;MOrigin&gt;-100000&lt;/MOrigin&gt;&lt;MScale&gt;10000&lt;/MScale&gt;&lt;XYTolerance&gt;0.0032808333333333331&lt;/XYTolerance&gt;&lt;ZTolerance&gt;0.001&lt;/ZTolerance&gt;&lt;MTolerance&gt;0.001&lt;/MTolerance&gt;&lt;HighPrecision&gt;true&lt;/HighPrecision&gt;&lt;WKID&gt;102740&lt;/WKID&gt;&lt;LatestWKID&gt;2278&lt;/LatestWKID&gt;&lt;/ProjectedCoordinateSystem&gt;</peXml></coordRef></DataProperties><ArcGISFormat>1.0</ArcGISFormat></Esri><idinfo><native Sync="TRUE">Microsoft Windows XP Version 5.1 (Build 2600) Service Pack 3; ESRI ArcCatalog 9.3.0.1770</native><descript><langdata Sync="TRUE">en</langdata><abstract>2006 Revised TSARP Model Cross Sections</abstract></descript><citation><citeinfo><origin>REQUIRED: The name of an organization or individual that developed the data set.</origin><pubdate>REQUIRED: The date when the data set is published or otherwise made available for release.</pubdate><title Sync="TRUE">S_XS</title><ftname Sync="TRUE">S_XS</ftname><geoform Sync="TRUE">vector digital data</geoform><onlink Sync="TRUE">\\MLP162105001016\C$\Documents and Settings\mleclair\Desktop\CMU New Models\P100-00-00\Support_Data\Spatial_Data\S_XS.shp</onlink></citeinfo></citation><timeperd><current>REQUIRED: The basis on which the time period of content information is determined.</current><timeinfo><sngdate><caldate>REQUIRED: The year (and optionally month, or month and day) for which the data set corresponds to the ground.</caldate></sngdate></timeinfo></timeperd><status><progress>REQUIRED: The state of the data set.</progress><update>REQUIRED: The frequency with which changes and additions are made to the data set after the initial data set is completed.</update></status><spdom><bounding><westbc Sync="TRUE">-95.980165</westbc><eastbc Sync="TRUE">-94.884758</eastbc><northbc Sync="TRUE">30.183500</northbc><southbc Sync="TRUE">29.490256</southbc></bounding><lboundng><leftbc Sync="TRUE">2928791.242029</leftbc><rightbc Sync="TRUE">3268860.880490</rightbc><bottombc Sync="TRUE">13748527.954950</bottombc><topbc Sync="TRUE">13990371.048680</topbc></lboundng></spdom><keywords><theme><themekt>REQUIRED: Reference to a formally registered thesaurus or a similar authoritative source of theme keywords.</themekt><themekey>Cross Sections</themekey><themekey>TSARP</themekey></theme><place><placekey>Harris County, Texas</placekey></place></keywords><accconst>REQUIRED: Restrictions and legal prerequisites for accessing the data set.</accconst><useconst>REQUIRED: Restrictions and legal prerequisites for using the data set after access is granted.</useconst><natvform Sync="TRUE">Shapefile</natvform></idinfo><dataIdInfo><envirDesc Sync="TRUE">Microsoft Windows 7 Version 6.1 (Build 7601) Service Pack 1; Esri ArcGIS 10.1.0.3035</envirDesc><dataLang><languageCode Sync="TRUE" value="eng"></languageCode><countryCode value="USA" Sync="TRUE"></countryCode></dataLang><idCitation><resTitle Sync="TRUE">S_XS_Merge1</resTitle><presForm><PresFormCd Sync="TRUE" value="005"></PresFormCd></presForm></idCitation><spatRpType><SpatRepTypCd Sync="TRUE" value="001"></SpatRepTypCd></spatRpType><dataExt><geoEle><GeoBndBox esriExtentType="native"><westBL Sync="TRUE">2928791.242029</westBL><eastBL Sync="TRUE">3268860.88049</eastBL><northBL Sync="TRUE">13990371.04868</northBL><southBL Sync="TRUE">13748527.95495</southBL><exTypeCode Sync="TRUE">1</exTypeCode></GeoBndBox></geoEle></dataExt><geoBox esriExtentType="decdegrees"><westBL Sync="TRUE">-95.980165</westBL><eastBL Sync="TRUE">-94.884758</eastBL><northBL Sync="TRUE">30.1835</northBL><southBL Sync="TRUE">29.490256</southBL><exTypeCode Sync="TRUE">1</exTypeCode></geoBox></dataIdInfo><metainfo><langmeta Sync="TRUE">en</langmeta><metstdn Sync="TRUE">FGDC Content Standards for Digital Geospatial Metadata</metstdn><metstdv Sync="TRUE">FGDC-STD-001-1998</metstdv><mettc Sync="TRUE">local time</mettc><metc><cntinfo><cntorgp><cntper>REQUIRED: The person responsible for the metadata information.</cntper><cntorg>REQUIRED: The organization responsible for the metadata information.</cntorg></cntorgp><cntaddr><addrtype>REQUIRED: The mailing and/or physical address for the organization or individual.</addrtype><city>REQUIRED: The city of the address.</city><state>REQUIRED: The state or province of the address.</state><postal>REQUIRED: The ZIP or other postal code of the address.</postal></cntaddr><cntvoice>REQUIRED: The telephone number by which individuals can speak to the organization or individual.</cntvoice></cntinfo></metc><metd Sync="TRUE">20120906</metd></metainfo><mdLang><languageCode Sync="TRUE" value="eng"></languageCode><countryCode value="USA" Sync="TRUE"></countryCode></mdLang><mdStanName Sync="TRUE">ISO 19115 Geographic Information - Metadata</mdStanName><mdStanVer Sync="TRUE">DIS_ESRI1.0</mdStanVer><mdChar><CharSetCd Sync="TRUE" value="004"></CharSetCd></mdChar><mdHrLv><ScopeCd Sync="TRUE" value="005"></ScopeCd></mdHrLv><mdHrLvName Sync="TRUE">dataset</mdHrLvName><distinfo><resdesc Sync="TRUE">Downloadable Data</resdesc><stdorder><digform><digtinfo><transize Sync="TRUE">0.000</transize><dssize Sync="TRUE">0.000</dssize></digtinfo></digform></stdorder></distinfo><distInfo><distributor><distorTran><onLineSrc><orDesc Sync="TRUE">002</orDesc><linkage Sync="TRUE">file://\\MLP162105001016\C$\Documents and Settings\mleclair\Desktop\CMU New Models\P100-00-00\Support_Data\Spatial_Data\S_XS.shp</linkage><protocol Sync="TRUE">Local Area Network</protocol></onLineSrc><transSize Sync="TRUE">0.000</transSize></distorTran><distorFormat><formatName Sync="TRUE">Shapefile</formatName></distorFormat></distributor><distFormat><formatName Sync="TRUE">File Geodatabase Feature Class</formatName></distFormat></distInfo><spdoinfo><direct Sync="TRUE">Vector</direct><ptvctinf><esriterm Name="S_XS_Merge1"><efeatyp Sync="TRUE">Simple</efeatyp><efeageom code="3" Sync="TRUE"></efeageom><esritopo Sync="TRUE">FALSE</esritopo><efeacnt Sync="TRUE">0</efeacnt><spindex Sync="TRUE">TRUE</spindex><linrefer Sync="TRUE">FALSE</linrefer></esriterm></ptvctinf></spdoinfo><spref><horizsys><cordsysn><geogcsn Sync="TRUE">GCS_North_American_1983</geogcsn><projcsn Sync="TRUE">NAD_1983_StatePlane_Texas_South_Central_FIPS_4204_Feet</projcsn></cordsysn><planar><planci><plance Sync="TRUE">coordinate pair</plance><plandu Sync="TRUE">survey feet</plandu><coordrep><absres Sync="TRUE">0.000000</absres><ordres Sync="TRUE">0.000000</ordres></coordrep></planci></planar><geodetic><horizdn Sync="TRUE">North American Datum of 1983</horizdn><ellips Sync="TRUE">Geodetic Reference System 80</ellips><semiaxis Sync="TRUE">6378137.000000</semiaxis><denflat Sync="TRUE">298.257222</denflat></geodetic></horizsys><vertdef><altsys><altenc Sync="TRUE">Explicit elevation coordinate included with horizontal coordinates</altenc><altres Sync="TRUE">1.000000</altres></altsys></vertdef></spref><refSysInfo><RefSystem><refSysID><identCode Sync="TRUE" value="2278">NAD_1983_StatePlane_Texas_South_Central_FIPS_4204_Feet</identCode><idCodeSpace Sync="TRUE">EPSG</idCodeSpace><idVersion Sync="TRUE">7.9.4</idVersion></refSysID></RefSystem></refSysInfo><spatRepInfo><VectSpatRep><geometObjs Name="S_XS_Merge1"><geoObjTyp><GeoObjTypCd value="002" Sync="TRUE"></GeoObjTypCd></geoObjTyp><geoObjCnt Sync="TRUE">0</geoObjCnt></geometObjs><topLvl><TopoLevCd value="001" Sync="TRUE"></TopoLevCd></topLvl></VectSpatRep></spatRepInfo><eainfo><detailed Name="S_XS_Merge1"><attr><attrlabl Sync="TRUE">SOURCE_CIT</attrlabl><attalias Sync="TRUE">SOURCE_CIT</attalias><attrtype Sync="TRUE">String</attrtype><attwidth Sync="TRUE">11</attwidth><attrdef>Source of information</attrdef><atprecis Sync="TRUE">0</atprecis><attscale Sync="TRUE">0</attscale></attr><attr><attrlabl Sync="TRUE">Shape_Leng</attrlabl><attalias Sync="TRUE">OBJECTID_1</attalias><attrtype Sync="TRUE">OID</attrtype><attwidth Sync="TRUE">4</attwidth><atprecis Sync="TRUE">0</atprecis><attscale Sync="TRUE">0</attscale><attrdef Sync="TRUE">Internal feature number.</attrdef><attrdefs Sync="TRUE">Esri</attrdefs><attrdomv><udom Sync="TRUE">Sequential unique whole numbers that are automatically generated.</udom></attrdomv></attr><attr><attrlabl Sync="TRUE">V_DATUM</attrlabl><attalias Sync="TRUE">V_DATUM</attalias><attrtype Sync="TRUE">String</attrtype><attwidth Sync="TRUE">6</attwidth><attrdef Sync="TRUE">Internal feature number.</attrdef><attrdefs Sync="TRUE">ESRI</attrdefs><attrdomv><udom Sync="TRUE">Sequential unique whole numbers that are automatically generated.</udom></attrdomv><atprecis Sync="TRUE">0</atprecis><attscale Sync="TRUE">0</attscale></attr><enttyp><enttypl Sync="TRUE">S_XS_Merge1</enttypl><enttypt Sync="TRUE">Feature Class</enttypt><enttypc Sync="TRUE">0</enttypc></enttyp><attr><attrlabl Sync="TRUE">Shape</attrlabl><attalias Sync="TRUE">XS_LN_ID</attalias><attrtype Sync="TRUE">String</attrtype><attwidth Sync="TRUE">11</attwidth><atprecis Sync="TRUE">0</atprecis><attscale Sync="TRUE">0</attscale><attrdef Sync="TRUE">Feature geometry.</attrdef><attrdefs Sync="TRUE">ESRI</attrdefs><attrdomv><udom Sync="TRUE">Coordinates defining the features.</udom></attrdomv></attr><attr><attrlabl Sync="TRUE">XS_LN_ID</attrlabl><attalias Sync="TRUE">XS_LTR</attalias><attrtype Sync="TRUE">String</attrtype><attwidth Sync="TRUE">12</attwidth><attrdef>Cross section unique identification number</attrdef><atprecis Sync="TRUE">0</atprecis><attscale Sync="TRUE">0</attscale></attr><attr><attrlabl Sync="TRUE">XS_LTR</attrlabl><attalias Sync="TRUE">START_ID</attalias><attrtype Sync="TRUE">String</attrtype><attwidth Sync="TRUE">11</attwidth><attrdef>Cross section letter</attrdef><atprecis Sync="TRUE">0</atprecis><attscale Sync="TRUE">0</attscale></attr><attr><attrlabl Sync="TRUE">START_ID</attrlabl><attalias Sync="TRUE">STREAM_STN</attalias><attrtype Sync="TRUE">String</attrtype><attwidth Sync="TRUE">12</attwidth><atprecis Sync="TRUE">0</atprecis><attscale Sync="TRUE">0</attscale></attr><attr><attrlabl Sync="TRUE">STREAM_STN</attrlabl><attalias Sync="TRUE">XS_LN_TYP</attalias><attrtype Sync="TRUE">String</attrtype><attwidth Sync="TRUE">20</attwidth><atprecis Sync="TRUE">0</atprecis><attscale Sync="TRUE">0</attscale></attr><attr><attrlabl Sync="TRUE">XS_LN_TYP</attrlabl><attalias Sync="TRUE">WTR_NM</attalias><attrtype Sync="TRUE">String</attrtype><attwidth Sync="TRUE">100</attwidth><attrdef>Cross section line type</attrdef><atprecis Sync="TRUE">0</atprecis><attscale Sync="TRUE">0</attscale></attr><attr><attrlabl Sync="TRUE">WTR_NM</attrlabl><attalias Sync="TRUE">WSEL_REG</attalias><attrtype Sync="TRUE">Single</attrtype><attwidth Sync="TRUE">4</attwidth><atprecis Sync="TRUE">0</atprecis><attscale Sync="TRUE">0</attscale></attr><attr><attrlabl Sync="TRUE">WSEL_REG</attrlabl><attalias Sync="TRUE">LEN_UNIT</attalias><attrtype Sync="TRUE">String</attrtype><attwidth Sync="TRUE">20</attwidth><atprecis Sync="TRUE">0</atprecis><attscale Sync="TRUE">0</attscale></attr><attr><attrlabl Sync="TRUE">LEN_UNIT</attrlabl><attalias Sync="TRUE">OBJECTID</attalias><attrtype Sync="TRUE">Double</attrtype><attwidth Sync="TRUE">8</attwidth><attrdef>Linear unit</attrdef><atprecis Sync="TRUE">0</atprecis><attscale Sync="TRUE">0</attscale></attr><attr><attrlabl Sync="TRUE">OBJECTID</attrlabl><attalias Sync="TRUE">Shape</attalias><attrtype Sync="TRUE">Geometry</attrtype><attwidth Sync="TRUE">0</attwidth><attrdef Sync="TRUE">Internal feature number.</attrdef><attrdefs Sync="TRUE">ESRI</attrdefs><attrdomv><udom Sync="TRUE">Sequential unique whole numbers that are automatically generated.</udom></attrdomv><atprecis Sync="TRUE">0</atprecis><attscale Sync="TRUE">0</attscale></attr><attr><attrlabl Sync="TRUE">BED_ELEV</attrlabl><attalias Sync="TRUE">BED_ELEV</attalias><attrtype Sync="TRUE">Double</attrtype><attwidth Sync="TRUE">8</attwidth><atprecis Sync="TRUE">0</atprecis><attscale Sync="TRUE">0</attscale></attr><attr><attrlabl Sync="TRUE">TOP_WIDTH</attrlabl><attalias Sync="TRUE">TOP_WIDTH</attalias><attrtype Sync="TRUE">Double</attrtype><attwidth Sync="TRUE">8</attwidth><atprecis Sync="TRUE">0</atprecis><attscale Sync="TRUE">0</attscale></attr><attr><attrlabl Sync="TRUE">XS_AREA</attrlabl><attalias Sync="TRUE">XS_AREA</attalias><attrtype Sync="TRUE">Double</attrtype><attwidth Sync="TRUE">8</attwidth><atprecis Sync="TRUE">0</atprecis><attscale Sync="TRUE">0</attscale></attr><attr><attrlabl Sync="TRUE">AREA_UNIT</attrlabl><attalias Sync="TRUE">AREA_UNIT</attalias><attrtype Sync="TRUE">String</attrtype><attwidth Sync="TRUE">20</attwidth><atprecis Sync="TRUE">0</atprecis><attscale Sync="TRUE">0</attscale></attr><attr><attrlabl Sync="TRUE">VELOCITY</attrlabl><attalias Sync="TRUE">VELOCITY</attalias><attrtype Sync="TRUE">Double</attrtype><attwidth Sync="TRUE">8</attwidth><atprecis Sync="TRUE">0</atprecis><attscale Sync="TRUE">0</attscale></attr><attr><attrlabl Sync="TRUE">VEL_UNIT</attrlabl><attalias Sync="TRUE">VEL_UNIT</attalias><attrtype Sync="TRUE">String</attrtype><attwidth Sync="TRUE">20</attwidth><atprecis Sync="TRUE">0</atprecis><attscale Sync="TRUE">0</attscale></attr><attr><attrlabl Sync="TRUE">SHAPE</attrlabl><attalias Sync="TRUE">Shape_Leng</attalias><attrtype Sync="TRUE">Double</attrtype><attwidth Sync="TRUE">8</attwidth><atprecis Sync="TRUE">0</atprecis><attscale Sync="TRUE">0</attscale><attrdef Sync="TRUE">Feature geometry.</attrdef><attrdefs Sync="TRUE">ESRI</attrdefs><attrdomv><udom Sync="TRUE">Coordinates defining the features.</udom></attrdomv></attr><attr><attrlabl Sync="TRUE">DFIRM_ID</attrlabl><attalias Sync="TRUE">DFIRM_ID</attalias><attrtype Sync="TRUE">String</attrtype><attwidth Sync="TRUE">15</attwidth><atprecis Sync="TRUE">0</atprecis><attscale Sync="TRUE">0</attscale></attr><attr><attrlabl Sync="TRUE">Shape_Length</attrlabl><attalias Sync="TRUE">Shape_Length</attalias><attrtype Sync="TRUE">Double</attrtype><attwidth Sync="TRUE">8</attwidth><atprecis Sync="TRUE">0</atprecis><attscale Sync="TRUE">0</attscale><attrdef Sync="TRUE">Length of feature in internal units.</attrdef><attrdefs Sync="TRUE">Esri</attrdefs><attrdomv><udom Sync="TRUE">Positive real numbers that are automatically generated.</udom></attrdomv></attr></detailed></eainfo><mdDateSt Sync="TRUE">20140915</mdDateSt><dataqual><lineage><procstep><procdesc Sync="TRUE">Dataset copied.</procdesc><srcused Sync="TRUE">C:\Workspace\Harris\Alex\S_XS</srcused><date Sync="TRUE">20060608</date><time Sync="TRUE">14182200</time></procstep><procstep><procdesc Sync="TRUE">Dataset copied.</procdesc><srcused Sync="TRUE">Server=fcgis; Service=sde:sqlserver:fcgis; Database=sde_is; User=publicdata; Version=sde.DEFAULT</srcused><procdate Sync="TRUE">20120904</procdate><proctime Sync="TRUE">08412300</proctime></procstep></lineage></dataqual></metadata>
